parserId,uses
BlobParser,16687
blankLineParser,14978
catchAllParagraphParser,6145
scrollImportedParser,2313
slashCommentParser,2266
quickLinkParser,1525
scrollBrParser,1053
h1Parser,825
scrollDinkusParser,788
cssParser,709
quickCssParser,682
editButtonParser,674
listAftertextParser,582
lineOfCodeParser,549
chatLineParser,408
scrollCenterParser,374
aftertextClassParser,364
authorsParser,350
endColumnsParser,349
baseUrlParser,345
editBaseUrlParser,344
rssFeedUrlParser,344
buildHtmlParser,343
metaTagsParser,343
printTitleParser,341
homeButtonParser,340
scrollFontParser,340
scrollLeftRightButtonsParser,339
scrollTitleParser,339
buildTxtParser,338
scrollVersionLinkParser,334
emailButtonParser,334
theScrollButtonParser,334
scrollClearStackParser,333
keyboardNavParser,333
scrollTagsParser,316
scrollDateParser,308
endOfPostDinkusParser,294
scrollContainerParser,250
quickImageParser,237
datelineParser,220
h2Parser,200
sceneCommentParser,199
orderedListAftertextParser,197
quickRelativeLinkParser,155
endSnippetParser,143
captionAftertextParser,122
quoteLineParser,114
scrollQuestionParser,100
cssLineParser,93
printAuthorsParser,83
footnoteDefinitionParser,80
printDateParser,71
katexParser,70
quickQuoteParser,68
printRelatedParser,65
h3Parser,46
codeParser,45
scrollLinkParser,44
mediumColumnsParser,42
printTableParser,38
openGraphImageParser,36
scrollTableDataParser,34
scrollTableParser,34
thinColumnsParser,32
quickParagraphParser,31
openGraphParser,30
scrollTableDelimiterParser,27
replaceParser,25
htmlInlineParser,24
scrollNavParser,22
openGraphDescriptionParser,22
scrollLinkTitleParser,21
quoteParser,19
printSnippetsParser,17
aftertextRightParser,17
scrollChatParser,14
h4Parser,14
importOnlyParser,13
aftertextStyleParser,11
codeWithLanguageParser,11
addClassMarkupParser,9
htmlLineParser,9
italicsParser,9
lineOfTextParser,8
hoverNoteParser,8
permalinkParser,8
codeWithHeaderParser,8
visibleSinceDefParser,7
sourceDefParser,7
diameterDefParser,7
microverseDefParser,7
nameDefParser,7
extendsParserParser,7
parsersCueParser,7
parserDefinitionParser,7
horizontalRuleParser,7
quickScriptParser,7
quizParser,6
aftertextIdParser,6
wideColumnsParser,6
scrollThemeParser,6
feedbackParser,5
parsersFloatParser,5
parserDescriptionParser,5
quickVideoParser,5
plainTextLineParser,5
redirectToParser,4
widthParser,4
plainTextOnlyParser,4
tableSearchParser,4
parsersBooleanParser,3
commentParser,3
scrollOrderByParser,3
scrollPostsMetaParser,3
afterTextCenterParser,3
quickTableParser,3
boldParser,3
buildCsvParser,2
printUsageStatsParser,2
youtubeParser,2
useParserPoolParser,2
scrollCounterParser,2
heatrixParser,2
scrollTransposeParser,2
scrollImputeParser,2
scrollGroupByParser,2
printFullSnippetsParser,2
linkTargetParser,2
expanderParser,2
aboveAsCodeParser,2
editLinkParser,1
scrollDashboardParser,1
htmlAParser,1
slideshowParser,1
parsersStringParser,1
printSourceParser,1
printSiteMapParser,1
printShortSnippetsParser,1
scrollUnselectParser,1
scrollPostsParser,1
openGraphKeywordsParser,1
buildTsvParser,1
buildJsonParser,1
printColumnParser,1
scrollComposeParser,1
scrollLimitParser,1
scrollWhereParser,1
copyButtonsParser,1
youTubeParser,1
scrollConceptsParser,1
customDinkusParser,1
emailLinkParser,1
scrollAutoplayParser,1
scrollMediaLoopParser,1
printFeedParser,1
buildRssParser,1
inlineMarkupsParser,1
inlineMarkupsOnParser,1
underlineParser,1
aftertextStrikeParser,1
helpfulNotFoundParser,1